"","Author","Year","Title","Journal","Volume","Issue","Pages"
"51015","Menge, B. A., Chan, F. and Lubchenco, J.",2008,"Response of a rocky intertidal ecosystem engineer and community dominant to climate change","Ecology Letters","11"," 2 ","151-162"
"70201","Echols, A. and Vitousek, P.",2012,"Managing water, harvesting results","Frontiers in Ecology and the Environment","10"," 1 ","3-3"
"53966","Stefanescu, C. and Traveset, A.",2009,"Factors influencing the degree of generalization in flower use by Mediterranean butterflies","Oikos","118"," 7 ","1109-1117"
"37743","Banks, P. B., Norrdahl, K., Nordstrom, M. and Korpimaki, E.",2004,"Dynamic impacts of feral mink predation on vole metapopulations in the outer archipelago of the Baltic Sea","Oikos","105","1","79-88"
"44961","Brady, S. G., Sipes, S., Pearson, A. and Danforth, B. N.",2006,"Recent and simultaneous origins of eusociality in halictid bees","Proceedings of the Royal Society B-Biological Sciences","273","1594","1643-1649"
"60001","Koenig, W. D., Hochachka, W. M., Zuckerberg, B. and Dickinson, J. L.",2010,"Ecological determinants of American crow mortality due to West Nile virus during its North American sweep","Oecologia","163"," 4 ","903-909"
"61520","Burton, A.",2010,"Fish-friendly green energy from streams?","Frontiers in Ecology and the Environment","8"," 10 ","510-510"
"57655","Zimmermann, M., Meir, P., Silman, M. R., Fedders, A., Gibbon, A., Malhi, Y., Urrego, D. H., Bush, M. B., Feeley, K. J., Garcia, K. C., Dargie, G. C., Farfan, W. R., Goetz, B. P., Johnson, W. T., Kline, K. M., Modi, A. T., Rurau, N. M. Q., Staudt, B. T. and Zamora, F.",2010,"No Differences in Soil Carbon Stocks Across the Tree Line in the Peruvian Andes","Ecosystems","13"," 1 ","62-74"
"58785","Rist, J., Milner-Gulland, E. J., Cowlishaw, G. and Rowcliffe, M.",2010,"Hunter Reporting of Catch per Unit Effort as a Monitoring Tool in a Bushmeat-Harvesting System","Conservation Biology","24"," 2 ","489-499"
"49519","Whitehead, H., McGill, B. and Worm, B.",2008,"Diversity of deep-water cetaceans in relation to temperature: implications for ocean warming","Ecology Letters","11"," 11 ","1198-1207"
"63887","Millen, A. and Anderson, J. R.",2011,"Neither infants nor toddlers catch yawns from their mothers","Biology Letters","7"," 3 ","440-442"
"48382","Emery, C.",2007,"Pond biodiversity dries up during drought","Frontiers in Ecology and the Environment","5"," 10 ","517-517"
"50041","Smiseth, P. T. and Parker, H. J.",2008,"Is there a cost to larval begging in the burying beetle Nicrophorus vespilloides?","Behavioral Ecology","19"," 6 ","1111-1115"
"43851","Hirota, M., Tang, Y. H., Hu, Q. W., Hirata, S., Kato, T., Mo, W. H., Cao, G. M. and Mariko, S.",2006,"Carbon dioxide dynamics and controls in a deep-water wetland on the Qinghai-Tibetan Plateau","Ecosystems","9","4","673-688"
"38912","Ramm, S. A., Parker, G. A. and Stockley, P.",2005,"Sperm competition and the evolution of male reproductive anatomy in rodents","Proceedings of the Royal Society B-Biological Sciences","272","1566","949-955"
"40479","Forstmeier, W.",2005,"Quantitative genetics and behavioural correlates of digit ratio in the zebra finch","Proceedings of the Royal Society B-Biological Sciences","272","1581","2641-2649"
"49061","Bhagabati, N. K.",2007,"Conservation research in India","Frontiers in Ecology and the Environment","5"," 3 ","123-123"
"47256","Lindenmayer, D. B., Fischer, J. and Hobbs, R.",2007,"The need for pluralism in landscape models: a reply to Dunn and Majer","Oikos","116"," 8 ","1419-1421"
"65488","Faithfull, C. L., Huss, M., Vrede, T. and Bergstrom, A. K.",2011,"Bottom-up carbon subsidies and top-down predation pressure interact to affect aquatic food web structure","Oikos","120"," 2 ","311-320"
"76544","Winfree, R., Williams, N. M., Dushoff, J. and Kremen, C.",2014,"Species Abundance, Not Diet Breadth, Drives the Persistence of the Most Linked Pollinators as Plant-Pollinator Networks Disassemble","American Naturalist","183"," 5 ","600-611"
"67489","Sillett, T. S., Chandler, R. B., Royle, J. A., Kery, M. and Morrison, S. A.",2012,"Hierarchical distance-sampling models to estimate population size and habitat-specific abundance of an island endemic","Ecological Applications","22"," 7 ","1997-2006"
"68604","McCauley, D. J., Young, H. S., Dunbar, R. B., Estes, J. A., Semmens, B. X. and Michel, F.",2012,"Assessing the effects of large mobile predators on ecosystem connectivity","Ecological Applications","22"," 6 ","1711-1717"
"67913","Ramsayer, J., Fellous, S., Cohen, J. E. and Hochberg, M. E.",2012,"Taylor's Law holds in experimental bacterial populations but competition does not influence the slope","Biology Letters","8"," 2 ","316-319"
"68493","Miller, C.",2012,"Twitter trumps science in trawler ban","Frontiers in Ecology and the Environment","10"," 9 ","460-460"
"39031","Philpott, S. M. and Foster, P. F.",2005,"Nest-site limitation in coffee agroecosystems: Artificial nests maintain diversity of arboreal ants","Ecological Applications","15","4","1478-1485"
"56502","Ferng, J. J.",2009,"Applying input-output analysis to scenario analysis of ecological footprints","Ecological Economics","69"," 2 ","345-354"
"76603","Wang, Z., Dai, M. Y., Wang, Y., Cooper, K. L., Zhu, T. T., Dong, D., Zhang, J. P. and Zhang, S. Y.",2014,"Unique expression patterns of multiple key genes associated with the evolution of mammalian flight","Proceedings of the Royal Society B-Biological Sciences","281"," 1783 ",""
"53725","Van Doorslaer, W., Vanoverbeke, J., Duvivier, C., Rousseaux, S., Jansen, M., Jansen, B., Feuchtmayr, H., Atkinson, D., Moss, B., Stoks, R. and De Meester, L.",2009,"Local adaptation to higher temperatures reduces immigration success of genotypes from a warmer region in the water flea Daphnia","Global Change Biology","15"," 12 ","3046-3055"
"44775","Chapa-Vargas, L. and Robinson, S. K.",2006,"Nesting success of a songbird in a complex floodplain forest landscape in Illinois, USA: local fragmentation vs. vegetation structure","Landscape Ecology","21","4","525-537"
"45827","Thackeray, S. J.",2007,"Crustacean zooplankton species richness and productivity: to what extent do the conclusions depend upon the choice of metrics?","Oikos","116","4","614-628"
"40979","Chadwick, W. and Little, T. J.",2005,"A parasite-mediated life-history shift in Daphnia magna","Proceedings of the Royal Society B-Biological Sciences","272","1562","505-509"
"58595","Schmidt, K. A., Dall, S. R. X. and van Gils, J. A.",2010,"The ecology of information: an overview on the ecological significance of making informed decisions","Oikos","119"," 2 ","304-316"
"39770","Krasnov, B. R., Poulin, R., Shenbrot, G. I., Mouillot, D. and Khokhlova, I. S.",2005,"Host specificity and geographic range in haematophagous ectoparasites","Oikos","108","3","449-456"
"77658","Leducq, J. B., Charron, G., Samani, P., Dube, A. K., Sylvester, K., James, B., Almeida, P., Sampaio, J. P., Hittinger, C. T., Bell, G. and Landry, C. R.",2014,"Local climatic adaptation in a widespread microorganism","Proceedings of the Royal Society B-Biological Sciences","281"," 1777 ",""
"78777","Atobe, T., Osada, Y., Takeda, H., Kuroe, M. and Miyashita, T.",2014,"Habitat connectivity and resident shared predators determine the impact of invasive bullfrogs on native frogs in farm ponds","Proceedings of the Royal Society B-Biological Sciences","281"," 1786 ",""
"41805","Verburg, P. H., Veldkamp, A. and Rounsevell, M. D. A.",2006,"Scenario-based studies of future land use in Europe","Agriculture Ecosystems & Environment","114","1","01-Jun"
"35908","Miller, C.",2004,"Australian states move against GE crops","Frontiers in Ecology and the Environment","2","4","177-177"
"42461","Roberts, P. D., Stewart, G. B. and Pullin, A. S.",2006,"Are review articles a reliable source of evidence to support conservation and environmental management? A comparison with medicine","Biological Conservation","132","4","409-423"
"73275","Muller, M. and Groothuis, T. G. G.",2013,"Within-Clutch Variation in Yolk Testosterone as an Adaptive Maternal Effect to Modulate Avian Sibling Competition: Evidence from a Comparative Study","American Naturalist","181"," 1 ","125-136"
"46072","Siepielski, A. M. and Benkman, C. W.",2007,"Extreme environmental variation sharpens selection that drives the evolution of a mutualism","Proceedings of the Royal Society B-Biological Sciences","274","1620","1799-1805"
"78648","Bocedi, G., Palmer, S. C. F., Pe'er, G., Heikkinen, R. K., Matsinos, Y. G., Watts, K. and Travis, J. M. J.",2014,"RangeShifter: a platform for modelling spatial eco-evolutionary dynamics and species' responses to environmental changes","Methods in Ecology and Evolution","5"," 4 ","388-396"
"75409","Darling, E. S., McClanahan, T. R. and Cote, I. M.",2013,"Life histories predict coral community disassembly under multiple stressors","Global Change Biology","19"," 6 ","1930-1940"
"46262","Rytwinski, T. and Fahrig, L.",2007,"Effect of road density on abundance of white-footed mice","Landscape Ecology","22"," 10 ","1501-1512"
"59618","Marchetto, K. M., Jongejans, E., Shea, K. and Isard, S. A.",2010,"Plant spatial arrangement affects projected invasion speeds of two invasive thistles","Oikos","119"," 9 ","1462-1468"
"43867","Hiddink, J. G., Jennings, S. and Kaiser, M. J.",2006,"Indicators of the ecological impact of bottom-trawl disturbance on seabed communities","Ecosystems","9","7","1190-1199"
"56363","Galvez, D. A. and Tyree, M. T.",2009,"Impact of simulated herbivory on water relations of aspen (Populus tremuloides) seedlings: the role of new tissue in the hydraulic conductivity recovery cycle","Oecologia","161"," 4 ","665-671"
"45025","Bock, C. E., Jones, Z. F. and Bock, J. H.",2006,"Rodent communities in an exurbanizing southwestern landscape (USA)","Conservation Biology","20","4","1242-1250"
"69936","Gange, A. C., Eschen, R., Wearn, J. A., Thawer, A. and Sutton, B. C.",2012,"Differential effects of foliar endophytic fungi on insect herbivores attacking a herbaceous plant","Oecologia","168"," 4 ","1023-1031"
"40587","Evans, D. M., Redpath, S. M., Evans, S. A., Elston, D. A. and Dennis, P.",2005,"Livestock grazing affects the egg size of an insectivorous passerine","Biology Letters","1","3","322-325"
"66558","Amos, W., Driscoll, E. and Hoffman, J. I.",2011,"Candidate genes versus genome-wide associations: which are better for detecting genetic susceptibility to infectious disease?","Proceedings of the Royal Society B-Biological Sciences","278"," 1709 ","1183-1188"
"75858","Brown, S. L., Reid, D. and Rogan, E.",2013,"A risk-based approach to rapidly screen vulnerability of cetaceans to impacts from fisheries bycatch","Biological Conservation","168"," ","78-87"
"46650","Parker, H., Rosell, F. and Mysterud, A.",2007,"Harvesting of males delays female breeding in a socially monogamous mammal; the beaver","Biology Letters","3"," 1 ","106-108"
"57584","Alvarez, M., Lo Monaco, C., Tanhua, T., Yool, A., Oschlies, A., Bullister, J. L., Goyet, C., Metzl, N., Touratier, F., McDonagh, E. and Bryden, H. L.",2009,"Estimating the storage of anthropogenic carbon in the subtropical Indian Ocean: a comparison of five different approaches","Biogeosciences","6"," 4 ","681-703"
"67269","Tabarelli, M., Peres, C. A. and Melo, F. P. L.",2012,"The 'few winners and many losers' paradigm revisited: Emerging prospects for tropical forest biodiversity","Biological Conservation","155"," ","136-140"
"41301","Bauer, J. T. and Peterson, A. T.",2005,"Visualizing environmental correlates of species geographical range limits","Diversity and Distributions","11","4","275-278"
"58580","Schreiber, S. J.",2010,"Interactive effects of temporal correlations, spatial heterogeneity and dispersal on population persistence","Proceedings of the Royal Society B-Biological Sciences","277"," 1689 ","1907-1914"
"70016","Forster, J., Hirst, A. G. and Woodward, G.",2012,"Growth and development rates have different thermal responses (vol 178, pg 668, 2011)","American Naturalist","180"," 3 ","404-405"
"62093","Zhang, C. H., Liu, H. Y., Bressers, H. T. A. and Buchanan, K. S.",2011,"Productivity growth and environmental regulations - accounting for undesirable outputs: Analysis of China's thirty provincial regions using the Malmquist-Luenberger index","Ecological Economics","70"," 12 ","2369-2379"
"47077","Martinkova, N., McDonald, R. A. and Searle, J. B.",2007,"Stoats (Mustela erminea) provide evidence of natural overland colonization of Ireland","Proceedings of the Royal Society B-Biological Sciences","274"," 1616 ","1387-1393"
"36841","Gewin, V.",2004,"Unregulated wells drain water reserves","Frontiers in Ecology and the Environment","2","8","398-398"
"64250","Leslie, A. B.",2011,"Predation and protection in the macroevolutionary history of conifer cones","Proceedings of the Royal Society B-Biological Sciences","278"," 1720 ","3003-3008"
"38702","Sandercock, B. K., Martin, K. and Hannon, S. J.",2005,"Demographic consequences of age-structure in extreme environments: population models for arctic and alpine ptarmigan","Oecologia","146","1","13-24"
"49715","Van Mooy, B. A. S., Moutin, T., Duhamel, S., Rimmelin, P. and Van Wambeke, F.",2008,"Phospholipid synthesis rates in the eastern subtropical South Pacific Ocean","Biogeosciences","5"," 1 ","133-139"
"44737","Christensen, P. and Hornfeldt, B.",2006,"Habitat preferences of Clethrionomys rufocanus in boreal sweden","Landscape Ecology","21","2","185-194"
"59825","Lemasson, A., Gandon, E. and Hausberger, M.",2010,"Attention to elders' voice in non-human primates","Biology Letters","6"," 3 ","325-328"
"43228","Marechal, K. and Hecq, W.",2006,"Temporary credits: A solution to the potential non-permanence of carbon sequestration in forests?","Ecological Economics","58","4","699-716"
"56374","Galatowitsch, S., Frelich, L. and Phillips-Mao, L.",2009,"Regional climate change adaptation strategies for biodiversity conservation in a midcontinental region of North America","Biological Conservation","142"," 10 ","2012-2022"
"76610","Wang, S. K., Chu, T. J., Huang, D. Q., Li, B. and Wu, J. H.",2014,"Incorporation of Exotic Spartina alterniflora into Diet of Deposit-Feeding Snails in the Yangtze River Estuary Salt Marsh: Stable Isotope and Fatty Acid Analyses","Ecosystems","17"," 4 ","567-577"
"65988","Chaplin-Kramer, R., O'Rourke, M. E., Blitzer, E. J. and Kremen, C.",2011,"A meta-analysis of crop pest and natural enemy response to landscape complexity","Ecology Letters","14"," 9 ","922-932"
"61456","Caro, S. P., Sewall, K. B., Salvante, K. G. and Sockman, K. W.",2010,"Female Lincoln's sparrows modulate their behavior in response to variation in male song quality","Behavioral Ecology","21"," 3 ","562-569"
"53528","Western, D., Groom, R. and Worden, J.",2009,"The impact of subdivision and sedentarization of pastoral lands on wildlife in an African savanna ecosystem","Biological Conservation","142"," 11 ","2538-2546"
"67536","Seppala, O., Karvonen, A., Rellstab, C., Louhi, K. R. and Jokela, J.",2012,"Reciprocal Interaction Matrix Reveals Complex Genetic and Dose-Dependent Specificity among Coinfecting Parasites","American Naturalist","180"," 3 ","306-315"
"66169","Browning, D. M. and Archer, S. R.",2011,"Protection from livestock fails to deter shrub proliferation in a desert landscape with a history of heavy grazing","Ecological Applications","21"," 5 ","1629-1642"
"55327","Lowman, M. and Randle, D. C.",2009,"Ecological mentoring: inspiring future scientists","Frontiers in Ecology and the Environment","7"," 3 ","119-119"
"76513","Yamauchi, A. and Namba, T.",2014,"Dynamics of predator and modular prey: effects of module consumption on stability of prey-predator system","Oikos","123"," 2 ","161-172"
"73132","O'connor, N. E. and Donohue, I.",2013,"Environmental context determines multi-trophic effects of consumer species loss","Global Change Biology","19"," 2 ","431-440"
"39301","Muller, C. B., Fellowes, M. D. E. and Godfray, H. C. J.",2005,"Relative importance of fertiliser addition to plants and exclusion of predators for aphid growth in the field","Oecologia","143","3","419-427"
"76524","Xepapadeas, A., Ralli, P., Kougea, E., Spyrou, S., Stavropoulos, N., Tsiaousi, V. and Tsivelikas, A.",2014,"Valuing insurance services emerging from a gene bank: The case of the Greek Gene Bank","Ecological Economics","97"," ","140-149"
"55969","Hodgson, J. A., Moilanen, A., Bourn, N. A. D., Bulman, C. R. and Thomas, C. D.",2009,"Managing successional species: Modelling the dependence of heath fritillary populations on the spatial distribution of woodland management","Biological Conservation","142"," 11 ","2743-2751"
"49879","Tallis, H., Ferdana, Z. and Gray, E.",2008,"Linking terrestrial and marine conservation planning and threats analysis","Conservation Biology","22"," 1 ","120-130"
"73003","Pavlick, R., Drewry, D. T., Bohn, K., Reu, B. and Kleidon, A.",2013,"The Jena Diversity-Dynamic Global Vegetation Model (JeDi-DGVM): a diverse approach to representing terrestrial biogeography and biogeochemistry based on plant functional trade-offs","Biogeosciences","10"," 6 ","4137-4177"
"46461","Quinones, A., Martinez-Alcantara, B. and Legaz, F.",2007,"Influence of irrigation system and fertilization management on seasonal distribution of N in the soil profile and on N-uptake by citrus trees","Agriculture Ecosystems & Environment","122"," 3 ","399-409"
"78249","Eggert, L. S., Buij, R., Lee, M. E., Campbell, P., Dallmeier, F., Fleischer, R. C., Alonso, A. and Maldonado, J. E.",2014,"Using Genetic Profiles of African Forest Elephants to Infer Population Structure, Movements, and Habitat Use in a Conservation and Development Landscape in Gabon","Conservation Biology","28"," 1 ","107-118"
"43247","Mangel, M.",2006,"Commentary: Accounting for uncertainty in marine reserve design","Ecology Letters","9","1","11-Dec"
"52535","de Valpine, P. and Eadie, J. M.",2008,"Conspecific brood parasitism and population dynamics","American Naturalist","172"," 4 ","547-562"
"61196","Curson, D. R., Goguen, C. B. and Mathews, N. E.",2010,"Community-level patterns of population recruitment in a generalist avian brood parasite, the brown-headed cowbird","Oecologia","163"," 3 ","601-612"
"47822","Hernandez, J. M. and Leon, C. J.",2007,"The interactions between natural and physical capitals in the tourist lifecycle model","Ecological Economics","62"," 1 ","184-193"
"37965","Wright, A. N. and Gompper, M. E.",2005,"Altered parasite assemblages in raccoons in response to manipulated resource availability","Oecologia","144","1","148-156"
"76604","Wang, Y. P., Chen, B. C., Wieder, W. R., Leite, M., Medlyn, B. E., Rasmussen, M., Smith, M. J., Agusto, F. B., Hoffman, F. and Luo, Y. Q.",2014,"Oscillatory behavior of two nonlinear microbial models of soil carbon decomposition","Biogeosciences","11"," 7 ","1817-1831"
"52534","De-Camino-Beck, T. and Lewis, M. A.",2008,"On net reproductive rate and the timing of reproductive output","American Naturalist","172"," 1 ","128-139"
"72090","Subramanian, S., Beans-Picon, G., Swaminathan, S. K., Millar, C. D. and Lambert, D. M.",2013,"Evidence for a recent origin of penguins","Biology Letters","9"," 6 ",""
"56470","Flecker, A. S.",2009,"Crossing borders: promoting graduate research in the developing world Faculty response","Frontiers in Ecology and the Environment","7"," 6 ","334-334"
"42241","Searle, K. R., Hobbs, N. T., Wunder, B. A. and Shipley, L. A.",2006,"Preference in patchy landscapes: the influence of scale-specific intake rates and variance in reward","Behavioral Ecology","17","2","315-323"
"68992","Law, C. S., Breitbarth, E., Hoffmann, L. J., McGraw, C. M., Langlois, R. J., LaRoche, J., Marriner, A. and Safi, K. A.",2012,"No stimulation of nitrogen fixation by non-filamentous diazotrophs under elevated CO2 in the South Pacific","Global Change Biology","18"," 10 ","3004-3014"
"49954","Sterli, J.",2008,"A new, nearly complete stem turtle from the Jurassic of South America with implications for turtle evolution","Biology Letters","4"," 3 ","286-289"
"45502","Wharton, K. E., Dyer, F. C., Huang, Z. Y. and Getty, T.",2007,"The honeybee queen influences the regulation of colony drone production","Behavioral Ecology","18","6","1092-1099"
"36538","Hudak, A. T., Fairbanks, D. H. K. and Brockett, B. H.",2004,"Trends in fire patterns in a southern African savanna under alternative land use practices","Agriculture Ecosystems & Environment","101"," 2-3 ","307-325"
"73263","Murdock, D. J. E., Sansom, I. J. and Donoghue, P. C. J.",2013,"Cutting the first 'teeth': a new approach to functional analysis of conodont elements","Proceedings of the Royal Society B-Biological Sciences","280"," 1768 ",""
"74916","Gagliardi, B. and Pettigrove, V.",2013,"Removal of intensive agriculture from the landscape improves aquatic ecosystem health","Agriculture Ecosystems & Environment","176"," ","1-8"
"39149","Ostlund-Nilsson, S., Becker, J. H. A. and Nilsson, G. E.",2005,"Shrimps remove ectoparasites from fishes in temperate waters","Biology Letters","1","4","454-456"
"46123","Senior, K.",2007,"Dutch wind farms all at sea","Frontiers in Ecology and the Environment","5","8","402-402"
"74581","Hanssen, S. A. and Erikstad, K. E.",2013,"The long-term consequences of egg predation","Behavioral Ecology","24"," 2 ","564-569"
"46337","Rodriguez, J. P., Brotons, L., Bustamante, J. and Seoane, J.",2007,"The application of predictive modelling of species distribution to biodiversity conservation","Diversity and Distributions","13"," 3 ","243-251"
"54842","Nishihiro, J., Uesugi, R., Takagawa, S. and Washitani, I.",2009,"Toward the restoration of a sustainable population of a threatened aquatic plant, Nymphoides peltata: Integrated genetic/demographic studies and practices","Biological Conservation","142"," 9 ","1906-1912"
"78674","Biasi, C., Jokinen, S., Marushchak, M. E., Hamalainen, K., Trubnikova, T., Oinonen, M. and Martikainen, P. J.",2014,"Microbial Respiration in Arctic Upland and Peat Soils as a Source of Atmospheric Carbon Dioxide","Ecosystems","17"," 1 ","112-126"
"47878","Hawkins, B. A., Diniz-Filho, J. A. F., Jaramillo, C. A. and Soeller, S. A.",2007,"Climate, niche conservatism, and the global bird diversity gradient","American Naturalist","170"," ","S16-S27"
"52244","Foote, J. R., Fitzsimmons, L. P., Mennill, D. J. and Ratcliffe, L. M.",2008,"Male chickadees match neighbors interactively at dawn: support for the social dynamics hypothesis","Behavioral Ecology","19"," 6 ","1192-1199"
"35386","Rietkerk, M., Dekker, S. C., Wassen, M. J., Verkroost, A. W. M. and Bierkens, M. F. P.",2004,"A putative mechanism for bog patterning","American Naturalist","163","5","699-708"
"54153","Searle, J. B., Jones, C. S., Gunduz, I., Scascitelli, M., Jones, E. P., Herman, J. S., Rambau, R. V., Noble, L. R., Berry, R. J., Gimenez, M. D. and Johannesdottir, F.",2009,"Of mice and (Viking?) men: phylogeography of British and Irish house mice","Proceedings of the Royal Society B-Biological Sciences","276"," 1655 ","201-207"
"75572","Clark, K. H. and Nicholas, K. A.",2013,"Introducing urban food forestry: a multifunctional approach to increase food security and provide ecosystem services","Landscape Ecology","28"," 9 ","1649-1669"
"38981","Poorter, L., Zuidema, P. A., Pena-Claros, M. and Boot, R. G. A.",2005,"A monocarpic tree species in a polycarpic world: how can Tachigali vasquezii maintain itself so successfully in a tropical rain forest community?","Journal of Ecology","93","2","268-278"
"58668","Sahney, S., Benton, M. J. and Ferry, P. A.",2010,"Links between global taxonomic diversity, ecological diversity and the expansion of vertebrates on land","Biology Letters","6"," 4 ","544-547"
"49567","Warren, P. S., Lerman, S. B. and Charney, N. D.",2008,"Plants of a feather: Spatial autocorrelation of gardening practices in suburban neighborhoods","Biological Conservation","141"," 1 ","3-4"
"42571","Quintern, M. and Sundrum, A.",2006,"Ecological risks of outdoor pig fattening in organic farming and strategies for their reduction - Results of a field experiment in the centre of Germany","Agriculture Ecosystems & Environment","117","4","238-250"
"46040","Skorping, A.",2007,"Selecting for fast and slow maturing worms","Proceedings of the Royal Society B-Biological Sciences","274","1617","1465-1466"
"50595","Phillimore, A. B., Orme, C. D. L., Thomas, G. H., Blackburn, T. M., Bennett, P. M., Gaston, K. J. and Owens, I. P. F.",2008,"Sympatric speciation in birds is rare: Insights from range data and simulations","American Naturalist","171"," 5 ","646-657"
"50233","Sanchirico, J. N., Smith, M. D. and Lipton, D. W.",2008,"An empirical approach to ecosystem-based fishery management","Ecological Economics","64"," 3 ","586-596"
"71225","Archaux, F., Henry, P. Y. and Gimenez, O.",2012,"When can we ignore the problem of imperfect detection in comparative studies?","Methods in Ecology and Evolution","3"," 1 ","188-194"
"78561","Burgess, S. C., Nickols, K. J., Griesemer, C. D., Barnett, L. A. K., Dedrick, A. G., Satterthwaite, E. V., Yamane, L., Morgan, S. G., White, J. W. and Botsford, L. W.",2014,"Beyond connectivity: how empirical methods can quantify population persistence to improve marine protected-area design","Ecological Applications","24"," 2 ","257-270"
"64055","Martin-Ordas, G. and Call, J.",2011,"Memory processing in great apes: the effect of time and sleep","Biology Letters","7"," 6 ","829-832"
"46436","Ranganathan, J., Chan, K. M. A. and Daily, G. C.",2007,"Satellite detection of bird communities in tropical countryside","Ecological Applications","17"," 5 ","1499-1510"
"45275","Amo, L., Lopez, P. and Martin, J.",2006,"Nature-based tourism as a form of predation risk affects body condition and health state of Podarcis muralis lizards","Biological Conservation","131","3","402-409"
"40795","Dayan, T. and Simberloff, D.",2005,"Ecological and community-wide character displacement: the next generation","Ecology Letters","8","8","875-894"
"49272","Anderson, T. M., Ritchie, M. E., Mayemba, E., Eby, S., Grace, J. B. and McNaughton, S. J.",2007,"Forage nutritive quality in the serengeti ecosystem: the roles of fire and herbivory","American Naturalist","170"," 3 ","343-357"
"41575","Wu, J. G.",2006,"Landscape ecology, cross-disciplinarity, and sustainability science","Landscape Ecology","21","1","01-Apr"
"59646","Maherali, H., Caruso, C. M., Sherrard, M. E. and Latta, R. G.",2010,"Adaptive Value and Costs of Physiological Plasticity to Soil Moisture Limitation in Recombinant Inbred Lines of Avena barbata","American Naturalist","175"," 2 ","211-224"
"49574","Ward, D. M., Nislow, K. H. and Folt, C. L.",2008,"Predators reverse the direction of density dependence for juvenile salmon mortality","Oecologia","156"," 3 ","515-522"
"35456","Qvarnstrom, A., Blomgren, V., Wiley, C. and Svedin, N.",2004,"Female collared flycatchers learn to prefer males with an artificial novel ornament","Behavioral Ecology","15","4","543-548"
"56328","Gaube, V., Kaiser, C., Wildenberg, M., Adensam, H., Fleissner, P., Kobler, J., Lutz, J., Schaumberger, A., Schaumberger, J., Smetschka, B., Wolf, A., Richter, A. and Haberl, H.",2009,"Combining agent-based and stock-flow modelling approaches in a participative analysis of the integrated land system in Reichraming, Austria","Landscape Ecology","24"," 9 ","1149-1165"
"69275","Kamel, S. J. and Grosberg, R. K.",2012,"Exclusive male care despite extreme female promiscuity and low paternity in a marine snail","Ecology Letters","15"," 10 ","1167-1173"
"72719","Renfrew, R. B., Kim, D., Perlut, N., Smith, J., Fox, J. and Marra, P. P.",2013,"Phenological matching across hemispheres in a long-distance migratory bird","Diversity and Distributions","19"," 8 ","1008-1019"
"41797","Vesk, P. A.",2006,"Plant size and resprouting ability: trading tolerance and avoidance of damage?","Journal of Ecology","94","5","1027-1034"
"64449","Koenig, W. D., Walters, E. L. and Haydock, J.",2011,"Variable Helper Effects, Ecological Conditions, and the Evolution of Cooperative Breeding in the Acorn Woodpecker","American Naturalist","178"," 2 ","145-158"
"76574","Wellstein, C., Campetella, G., Spada, F., Chelli, S., Mucina, L., Canullo, R. and Bartha, S.",2014,"Context-dependent assembly rules and the role of dominating grasses in semi-natural abandoned sub-Mediterranean grasslands","Agriculture Ecosystems & Environment","182"," ","113-122"
"45288","Alston, K. P. and Richardson, D. M.",2006,"The roles of habitat features, disturbance, and distance from putative source populations in structuring alien plant invasions at the urban/wildland interface on the Cape Peninsula, South Africa","Biological Conservation","132","2","183-198"
"45148","Barton, K. E. and Bowers, M. D.",2006,"Neighbor species differentially alter resistance phenotypes in Plantago","Oecologia","150","3","442-452"
"41312","Bartolome, J., Plaixats, J., Fanlo, R. and Boada, M.",2005,"Conservation of isolated Atlantic heathlands in the Mediterranean region: effects of land-use changes in the Montseny biosphere reserve (Spain)","Biological Conservation","122","1","81-88"
"58207","Thompson, K., Petchey, O. L., Askew, A. P., Dunnett, N. P., Beckerman, A. P. and Willis, A. J.",2010,"Little evidence for limiting similarity in a long-term study of a roadside plant community","Journal of Ecology","98"," 2 ","480-487"
"58864","Ratikainen, I. I., Wright, J. and Kazem, A. J. N.",2010,"Social class influences degree of variance sensitivity in wild Siberian jays","Behavioral Ecology","21"," 5 ","1067-1072"
"47222","Loehr, V. J. T., Hofmeyr, M. D. and Henen, B. T.",2007,"Growing and shrinking in the smallest tortoise, Homopus signatus signatus: the importance of rain","Oecologia","153"," 2 ","479-488"
"69349","Jeppesen, E., Sondergaard, M., Lauridsen, T. L., Davidson, T. A., Liu, Z. W., Mazzeo, N., Trochine, C., Ozkan, K., Jensen, H. S., Trolle, D., Starling, F., Lazzaro, X., Johansson, L. S., Bjerring, R., Liboriussen, L., Larsen, S. E., Landkildehus, F., Egemose, S. and Meerhoff, M.",2012,"Biomanipulation as a Restoration Tool to Combat Eutrophication: Recent Advances and Future Challenges","Advances in Ecological Research, Vol 47: Global Change in Multispecies Systems, Pt 2","47"," ","411-488"
"55811","Jennings, N. and Pocock, M. J. O.",2009,"Relationships between Sensitivity to Agricultural Intensification and Ecological Traits of Insectivorous Mammals and Arthropods","Conservation Biology","23"," 5 ","1195-1203"
"67257","Takahara, T., Kohmatsu, Y., Maruyama, A., Doi, H., Yamanaka, H. and Yamaoka, R.",2012,"Inducible defense behavior of an anuran tadpole: cue-detection range and cue types used against predator","Behavioral Ecology","23"," 4 ","863-868"
"36218","Law, B. E., Turner, D., Campbell, J., Sun, O. J., Van Tuyl, S., Ritts, W. D. and Cohen, W. B.",2004,"Disturbance and climate effects on carbon stocks and fluxes across Western Oregon USA","Global Change Biology","10","9","1429-1444"
"64316","Laurent, E.",2011,"Issues in environmental justice within the European Union","Ecological Economics","70"," 11 ","1846-1853"
"35067","Soha, J. A., Nelson, D. A. and Parker, P. G.",2004,"Genetic analysis of song dialect populations in Puget Sound white-crowned sparrows","Behavioral Ecology","15","4","636-646"
"74831","Gholamhoseini, M., AghaAlikhani, M., Mirlatifi, S. M. and Sanavy, S. A. M. M.",2013,"Weeds - Friend or foe? Increasing forage yield and decreasing nitrate leaching on a corn forage farm infested by redroot pigweed","Agriculture Ecosystems & Environment","179"," ","151-162"
"47722","Hoyle, M. and Cresswell, J. E.",2007,"The effect of wind direction on cross-pollination in wind-pollinated GM crops","Ecological Applications","17"," 4 ","1234-1243"
"57902","Way, D. A., Ladeau, S. L., McCarthy, H. R., Clark, J. S., Oren, R., Finzi, A. C. and Jackson, R. B.",2010,"Greater seed production in elevated CO2 is not accompanied by reduced seed quality in Pinus taeda L.","Global Change Biology","16"," 3 ","1046-1056"
"59649","Magura, T., Horvath, R. and Tothmeresz, B.",2010,"Effects of urbanization on ground-dwelling spiders in forest patches, in Hungary","Landscape Ecology","25"," 4 ","621-629"
"41404","Anthofer, J. and Kroschel, J.",2005,"Above-ground biomass, nutrients, and persistence of an early and a late maturing Mucuna variety in the Forest-Savannah Transitional Zone of Ghana","Agriculture Ecosystems & Environment","110"," 1-2 ","59-77"
"70531","Condamine, F. L., Sperling, F. A. H., Wahlberg, N., Rasplus, J. Y. and Kergoat, G. J.",2012,"What causes latitudinal gradients in species diversity? Evolutionary processes and ecological constraints on swallowtail biodiversity","Ecology Letters","15"," 3 ","267-277"
"43824","Holen, O. H. and Johnstone, R. A.",2006,"Context-dependent discrimination and the evolution of mimicry","American Naturalist","167","3","377-389"
"43631","Kautz, R., Kawula, R., Hoctor, T., Comiskey, J., Jansen, D., Jennings, D., Kasbohm, J., Mazzotti, F., McBride, R., Richardson, L. and Root, K.",2006,"How much is enough? Landscape-scale conservation for the Florida panther","Biological Conservation","130","1","118-133"
"69049","Lachlan, R. F. and Nowicki, S.",2012,"How Reliable Is Song Learning Accuracy as a Signal of Male Early Condition?","American Naturalist","180"," 6 ","751-761"
"53224","Askegaard, M. and Eriksen, J.",2008,"Residual effect and leaching of N and K in cropping systems with clover and ryegrass catch crops on a coarse sand","Agriculture Ecosystems & Environment","123"," 1-3 ","99-108"
"67170","Tingley, M. W., Koo, M. S., Moritz, C., Rush, A. C. and Beissinger, S. R.",2012,"The push and pull of climate change causes heterogeneous shifts in avian elevational ranges","Global Change Biology","18"," 11 ","3279-3290"
"46450","Raiesi, F.",2007,"The conversion of overgrazed pastures to almond orchards and alfalfa cropping systems may favor microbial indicators of soil quality in Central Iran","Agriculture Ecosystems & Environment","121"," 4 ","309-318"
"40875","Coudun, C. and Gegout, J. C.",2005,"Ecological behaviour of herbaceous forest species along a pH gradient: a comparison between oceanic and semicontinental regions in northern France","Global Ecology and Biogeography","14","3","263-270"
"45014","Boisvenue, C. and Running, S. W.",2006,"Impacts of climate change on natural forest productivity - evidence since the middle of the 20th century","Global Change Biology","12","5","862-882"
"74217","Jones, N. T., Husband, B. C. and MacDougall, A. S.",2013,"Reproductive system of a mixed-mating plant responds to climate perturbation by increased selfing","Proceedings of the Royal Society B-Biological Sciences","280"," 1766 ",""
"37700","Beck, H., Gaines, M. S., Hines, J. E. and Nichols, J. D.",2004,"Comparative dynamics of small mammal populations in treefall gaps and surrounding understorey within Amazonian rainforest","Oikos","106","1","27-38"
"68033","Polkki, M., Krams, I., Kangassalo, K. and Rantala, M. J.",2012,"Inbreeding affects sexual signalling in males but not females of Tenebrio molitor","Biology Letters","8"," 3 ","423-425"
"78257","Edwards, C. B., Friedlander, A. M., Green, A. G., Hardt, M. J., Sala, E., Sweatman, H. P., Williams, I. D., Zgliczynski, B., Sandin, S. A. and Smith, J. E.",2014,"Global assessment of the status of coral reef herbivorous fishes: evidence for fishing effects","Proceedings of the Royal Society B-Biological Sciences","281"," 1774 ",""
"75746","Cameron, T. C., O'Sullivan, D., Reynolds, A., Piertney, S. B. and Benton, T. G.",2013,"Eco-evolutionary dynamics in response to selection on life-history","Ecology Letters","16"," 6 ","754-763"
"54489","Rahmig, C. J., Jensen, W. E. and With, K. A.",2009,"Grassland Bird Responses to Land Management in the Largest Remaining Tallgrass Prairie","Conservation Biology","23"," 2 ","420-432"
"45135","Baums, I. B., Miller, M. W. and Hellberg, M. E.",2006,"Geographic variation in clonal structure in a reef-building Caribbean coral, Acropora palmata","Ecological Monographs","76","4","503-519"
"56795","Dalerum, F., Cameron, E. Z., Kunkel, K. and Somers, M. J.",2009,"Diversity and depletions in continental carnivore guilds: implications for prioritizing global carnivore conservation","Biology Letters","5"," 1 ","35-38"
"77377","Moranz, R. A., Fuhlendorf, S. D. and Engle, D. M.",2014,"Making sense of a prairie butterfly paradox: The effects of grazing, time since fire, and sampling period on regal fritillary abundance","Biological Conservation","173"," ","32-41"
"45247","Archie, E. A., Moss, C. J. and Alberts, S. C.",2006,"The ties that bind: genetic relatedness predicts the fission and fusion of social groups in wild African elephants","Proceedings of the Royal Society B-Biological Sciences","273","1586","513-522"
"78363","Darras, H., Serge, L. L. and Aron, S.",2014,"Large-scale distribution of hybridogenetic lineages in a Spanish desert ant","Proceedings of the Royal Society B-Biological Sciences","281"," 1774 ",""
"67990","Presley, S. J., Cisneros, L. M., Patterson, B. D. and Willig, M. R.",2012,"Vertebrate metacommunity structure along an extensive elevational gradient in the tropics: a comparison of bats, rodents and birds","Global Ecology and Biogeography","21"," 10 ","968-976"
"48090","Giron, D., Harvey, J. A., Johnson, J. A. and Strand, M. R.",2007,"Male soldier caste larvae are non-aggressive in the polyembryonic wasp Copidosoma floridanum","Biology Letters","3"," 4 ","431-434"
"41266","Belcher, K., Nolan, J. and Phillips, P. W. B.",2005,"Genetically modified crops and agricultural landscapes: spatial patterns of contamination","Ecological Economics","53","3","387-401"
"46856","Mulholland, M. R.",2007,"The fate of nitrogen fixed by diazotrophs in the ocean","Biogeosciences","4"," 1 ","37-51"
"38856","Relyea, R. A.",2005,"The lethal impact of roundup on aquatic and terrestrial amphibians","Ecological Applications","15","4","1118-1124"
"46803","Neill, C.",2007,"The challenge of managing disturbance regimes, terrestrial communities and rare species in a suburbanizing region: The northeastern US coastal sandplain","Biological Conservation","136"," 1 ","1-3"
"44700","Coleman, R. A., Underwood, A. J., Benedetti-Cecchi, L., Aberg, P., Arenas, F., Arrontes, J., Castro, J., Hartnoll, R. G., Jenkins, S. R., Paula, J., Della Santina, P. and Hawkins, S. J.",2006,"A continental scale evaluation of the role of limpet grazing on rocky shores","Oecologia","147","3","556-564"
"74924","Fuller, T. L., Thomassen, H. A., Peralvo, M., Buermann, W., Mila, B., Kieswetter, C. M., Jarrin-V, P., Devitt, S. E. C., Mason, E., Schweizer, R. M., Schlunegger, J., Chan, J., Wang, O., Schneider, C. J., Pollinger, J. P., Saatchi, S., Graham, C. H., Wayne, R. K. and Smith, T. B.",2013,"Intraspecific morphological and genetic variation of common species predicts ranges of threatened ones (vol 280, 20131237, 2013)","Proceedings of the Royal Society B-Biological Sciences","280"," 1763 ",""
"67249","Talhelm, A. F., Pregitzer, K. S. and Giardina, C. P.",2012,"Long-Term Leaf Production Response to Elevated Atmospheric Carbon Dioxide and Tropospheric Ozone","Ecosystems","15"," 1 ","71-82"
"61824","Barre, P., Eglin, T., Christensen, B. T., Ciais, P., Houot, S., Katterer, T., van Oort, F., Peylin, P., Poulton, P. R., Romanenkov, V. and Chenu, C.",2010,"Quantifying and isolating stable soil organic carbon using long-term bare fallow experiments","Biogeosciences","7"," 11 ","3839-3850"
"53530","Wennersten, L. and Forsman, A.",2009,"Does colour polymorphism enhance survival of prey populations?","Proceedings of the Royal Society B-Biological Sciences","276"," 1665 ","2187-2194"
"56012","Hewitt, J. E. and Thrush, S. F.",2009,"Reconciling the influence of global climate phenomena on macrofaunal temporal dynamics at a variety of spatial scales","Global Change Biology","15"," 8 ","1911-1929"
"63205","Righi, E., Dogliotti, S., Stefanini, F. M. and Pacini, G. C.",2011,"Capturing farm diversity at regional level to up-scale farm level impact assessment of sustainable development options","Agriculture Ecosystems & Environment","142"," 1-2 ","63-74"
"41835","Van Ha, N., Kant, S. and Maclaren, V.",2006,"Relative shadow prices of social capital for household-level paper recycling units in Vietnam","Ecological Economics","57","3","520-533"
"75490","Costantini, V., Mazzanti, M. and Montini, A.",2013,"Environmental performance, innovation and spillovers. Evidence from a regional NAMEA","Ecological Economics","89"," ","101-114"
"41252","Bennett, E. M., Peterson, G. D. and Levitt, E. A.",2005,"Looking to the future of ecosystem services","Ecosystems","8","2","125-132"
"67034","Vedder, O.",2012,"Individual birds advance offspring hatching in response to increased temperature after the start of laying","Oecologia","170"," 3 ","619-628"
"74631","Hagenbucher, S., Wackers, F. L., Wettstein, F. E., Olson, D. M., Ruberson, J. R. and Romeis, J.",2013,"Pest trade-offs in technology: reduced damage by caterpillars in Bt cotton benefits aphids","Proceedings of the Royal Society B-Biological Sciences","280"," 1758 ",""
"51117","Maron, M. and Cockfield, G.",2008,"Managing Trade-Offs in Landscape Restoration and Revegetation Projects","Ecological Applications","18"," 8 ","2041-2049"
"50628","Perez-Barberia, F. J., Perez-Fernandez, E., Robertson, E. and Alvarez-Enriquez, B.",2008,"Does the Jarman-Bell principle at intra-specific level explain sexual segregation in polygynous ungulates? Sex differences in forage digestibility in Soay sheep","Oecologia","157"," 1 ","21-30"
"75966","Bolte, S., Roth, O., Philipp, E. E. R., Saphorster, J., Rosenstiel, P. and Reusch, T. B. H.",2013,"Specific immune priming in the invasive ctenophore Mnemiopsis leidyi","Biology Letters","9"," 6 ",""
"36008","Matlack, G. R. and Monde, J.",2004,"Consequences of low mobility in spatially and temporally heterogeneous ecosystems","Journal of Ecology","92","6","1025-1035"
"78752","Banerji, A. and Morin, P. J.",2014,"Trait-mediated apparent competition in an intraguild predator-prey system","Oikos","123"," 5 ","567-574"
"65572","Edwards, H. J., Elliott, I. A., Eakin, C. M., Irikawa, A., Madin, J. S., McField, M., Morgan, J. A., van Woesik, R. and Mumby, P. J.",2011,"How much time can herbivore protection buy for coral reefs under realistic regimes of hurricanes and coral bleaching?","Global Change Biology","17"," 6 ","2033-2048"
"35719","O'donnell, S. and Beshers, S. N.",2004,"The role of male disease susceptibility in the evolution of haplodiploid insect societies","Proceedings of the Royal Society B-Biological Sciences","271","1542","979-983"
"39243","Niel, C. and Lebreton, J. D.",2005,"Using demographic invariants to detect overharvested bird populations from incomplete data","Conservation Biology","19","3","826-835"
"65460","Fehl, K., van der Post, D. J. and Semmann, D.",2011,"Co-evolution of behaviour and social network structure promotes human cooperation","Ecology Letters","14"," 6 ","546-551"
"68417","Montserrat, M., Magalhaes, S., Sabelis, M. W., de Roos, A. M. and Janssen, A.",2012,"Invasion success in communities with reciprocal intraguild predation depends on the stage structure of the resident population","Oikos","121"," 1 ","67-76"
"41127","Brannstrom, A. and Dieckmann, U.",2005,"Evolutionary dynamics of altruism and cheating among social amoebas","Proceedings of the Royal Society B-Biological Sciences","272","1572","1609-1616"
"75187","Edenbrow, M. and Croft-, D. P.",2013,"Environmental and genetic effects shape the development of personality traits in the mangrove killifish Kryptolebias marmoratus","Oikos","122"," 5 ","667-681"
"67680","Sand, H., Vucetich, J. A., Zimmermann, B., Wabakken, P., Wikenros, C., Pedersen, H. C., Peterson, R. O. and Liberg, O.",2012,"Assessing the influence of prey-predator ratio, prey age structure and packs size on wolf kill rates","Oikos","121"," 9 ","1454-1463"
"78307","Ding, H. L. and Nunes, P. A. L. D.",2014,"Modeling the links between biodiversity, ecosystem services and human wellbeing in the context of climate change: Results from an econometric analysis of the European forest ecosystems","Ecological Economics","97"," ","60-73"
"61500","Butler, C.",2010,"Population and climate change - a response to Meyerson","Frontiers in Ecology and the Environment","8"," 2 ","65-65"
"57608","Akpalu, W.",2009,"Economics of biodiversity and sustainable fisheries management","Ecological Economics","68"," 10 ","2729-2733"
"66409","Barton, L., Butterbach-Bahl, K., Kiese, R. and Murphy, D. V.",2011,"Nitrous oxide fluxes from a grain-legume crop (narrow-leafed lupin) grown in a semiarid climate","Global Change Biology","17"," 2 ","1153-1166"
"47839","Helfield, J. M., Capon, S. J., Nilsson, C., Jansson, R. and Palm, D.",2007,"Restoration of rivers used for timber floating: Effects on riparian plant diversity","Ecological Applications","17"," 3 ","840-851"
"60352","HilleRisLambers, J., Yelenik, S. G., Colman, B. P. and Levine, J. M.",2010,"California annual grass invaders: the drivers or passengers of change?","Journal of Ecology","98"," 5 ","1147-1156"
"48055","Goodger, J. Q. D., Choo, T. Y. S. and Woodrow, I. E.",2007,"Ontogenetic and temporal trajectories of chemical defence in a cyanogenic eucalypt","Oecologia","153"," 4 ","799-808"
"78923","",2008,"The summit herpetofauna of Auyantepui, Venezuela: Report from the Robert G. Goelet American Museum - TERRAMAR Expedition","Bulletin of the American Museum of Natural History"," ","308","5-147"
"67871","Reimer, J. J.",2012,"On the economics of virtual water trade","Ecological Economics","75"," ","135-139"
"73695","Lorion, J., Kiel, S., Faure, B., Kawato, M., Ho, S. Y. W., Marshall, B., Tsuchida, S., Miyazaki, J. and Fujiwara, Y.",2013,"Adaptive radiation of chemosymbiotic deep-sea mussels","Proceedings of the Royal Society B-Biological Sciences","280"," 1770 ",""
"71753","Vianna, G. M. S., Meekan, M. G., Pannell, D. J., Marsh, S. P. and Meeuwig, J. J.",2013,"Valuing individual animals through tourism: Science or speculation? - Reply to Catlin et al. (2013)","Biological Conservation","166"," ","301-302"
"76664","van Lent, J., Hernandez-Barrios, J. C., Anten, N. P. R. and Martinez-Ramos, M.",2014,"Defoliation effects on seed dispersal and seedling recruitment in a tropical rain forest understorey palm","Journal of Ecology","102"," 3 ","709-720"
"78266","Earl, J. E., Castello, P. O., Cohagen, K. E. and Semlitsch, R. D.",2014,"Effects of subsidy quality on reciprocal subsidies: how leaf litter species changes frog biomass export","Oecologia","175"," 1 ","209-218"
"70517","Coomes, D. A., Holdaway, R. J., Kobe, R. K., Lines, E. R. and Allen, R. B.",2012,"A general integrative framework for modelling woody biomass production and carbon sequestration rates in forests","Journal of Ecology","100"," 1 ","42-64"
"66815","Wilmers, C. C., Estes, J. A., Edwards, M., Laidre, K. L. and Konar, B.",2012,"Do trophic cascades affect the storage and flux of atmospheric carbon? An analysis of sea otters and kelp forests","Frontiers in Ecology and the Environment","10"," 8 ","409-415"
"76014","Biro, P. A.",2013,"Are most samples of animals systematically biased? Consistent individual trait differences bias samples despite random sampling","Oecologia","171"," 2 ","339-345"
"73615","Magrach, A., Santamaria, L. and Larrinaga, A. R.",2013,"Forest edges show contrasting effects on an austral mistletoe due to differences in pollination and seed dispersal","Journal of Ecology","101"," 3 ","713-721"
"48761","Charnov, E. L., Warne, R. and Moses, M.",2007,"Lifetime reproductive effort","American Naturalist","170"," 6 ","E129-E142"
"59752","Lipsey, M. K. and Hockey, P. A. R.",2010,"Do ecological networks in South African commercial forests benefit grassland birds? A case study of a pine plantation in KwaZulu-Natal","Agriculture Ecosystems & Environment","137"," 1-2 ","133-142"
"51127","Marhan, S., Derain, D., Erbs, M., Kuzyakov, Y., Fangmeier, A. and Kandeler, E.",2008,"Soil organic matter mineralization and residue decomposition of spring wheat grown under elevated CO2 atmosphere","Agriculture Ecosystems & Environment","123"," 1-3 ","63-68"
"61634","Borer, E. T., Seabloom, E. W., Mitchell, C. E. and Power, A. G.",2010,"Local context drives infection of grasses by vector-borne generalist viruses","Ecology Letters","13"," 7 ","810-818"
